,0
He8,2.0900152450931554e-07
Be7,9.159350552537239e-09
Be11,4.5223063228870545e-07
B12,1.8951964403133928e-08
B13,9.158288733451337e-08
B14,2.0540828350237695e-06
C10,3.51252395492683e-07
C11,1.937595703035796e-07
C15,1.228997653616955e-06
N12,2.5015029891800856e-07
N13,1.9376276480298356e-07
N16,1.5950424989194316e-06
N17,9.52026389590388e-09
N18,1.3208915251221684e-06
O14,8.955482544193299e-07
O15,1.937763031939506e-07
O19,2.3825659207124885e-07
O20,2.627766639456364e-07
O21,8.895183871318273e-07
F17,1.937763031939506e-07
F18,1.8798756146492574e-07
F20,4.608292278457068e-07
F21,1.1370786199498442e-07
F22,1.704146410058435e-06
F23,6.753678701577701e-07
F24,5.878085277356655e-07
Ne18,2.144312285366745e-07
Ne19,1.9388243823077597e-07
Ne23,3.132365582934338e-08
Ne24,1.0235052596581426e-07
Ne25,6.779789061774133e-08
Na20,5.713414372762531e-07
Na21,1.966904522072402e-07
Na22,5.09145496289295e-07
Na24,1.2303815806936397e-06
Na24m,8.579080858710748e-08
Na25,1.0424183285259282e-07
Na26,6.316662985680323e-07
Na27,2.9760667682693147e-07
Na28,3.3322793579791187e-07
Mg21,3.068951064211197e-07
Mg22,3.3344079965848425e-07
Mg23,2.0056684067090677e-07
Mg27,2.0960420904063102e-07
Mg28,3.464236854237527e-07
Mg29,5.38993343486704e-07
Al24,2.963448825991278e-06
Al24m,1.0294734283271e-07
Al25,1.9763828079916806e-07
Al26,6.942821659092265e-07
Al26m,1.9388243823077597e-07
Al28,5.159762773348244e-07
Al29,3.70824308198134e-07
Al30,1.0676215083927917e-06
Al31,2.073234455366198e-07
Al32,1.6986240201822608e-07
Si25,1.9406980062457568e-07
Si26,2.50090159872728e-07
Si27,1.9569367425499375e-07
Si31,2.3226493648547436e-10
Si33,6.709086280422344e-07
Si34,4.0094440480931206e-07
Si35,1.3990823896638755e-06
Si36,3.8310556305780184e-07
P28,1.375789884663119e-06
P29,5.648852914609187e-07
P30,1.9416436037426204e-07
P34,1.0211280446715774e-07
P35,4.4050029847346143e-07
P36,1.7674993939918784e-06
P38,8.288060970968582e-07
S29,7.588983329152216e-06
S30,3.231862075237479e-07
S31,1.9863826516021045e-07
S37,9.339847874843371e-07
S38,5.018187095982809e-07
S39,4.6375451634976693e-07
S40,3.457942709349321e-07
Cl32,1.2381620506477458e-06
Cl33,2.0167583834168852e-07
Cl34,1.9388243823077597e-07
Cl34m,5.253551663967277e-07
Cl36,2.9126449559038595e-12
Cl38,4.387708063446179e-07
Cl38m,1.4172600284246743e-07
Cl39,3.729907992076832e-07
Cl40,1.228234827751546e-06
Ar33,2.788744132405736e-07
Ar34,2.1792431355876266e-07
Ar35,2.018901486372939e-07
Ar37,0.0
Ar41,3.3917006408194213e-07
Ar43,3.996504634400382e-07
Ar44,4.982214208865966e-07
Ar45,8.870247192448342e-07
Ar46,5.774835394120632e-07
K35,1.208974156686714e-06
K36,1.5741547866094942e-06
K37,2.1009676985619683e-07
K38,8.480415323736407e-07
K38m,1.9388243823077597e-07
K40,4.251726833473029e-08
K42,7.61452727873622e-08
K43,1.821890159645888e-07
K44,6.762171823157091e-07
K45,5.014560813712896e-07
K46,7.735461710372413e-07
K47,7.292367445281083e-07
K48,2.050468635163618e-06
Ca37,2.248698640948669e-07
Ca38,2.912738165384346e-07
Ca39,1.9406980309760627e-07
Ca41,0.0
Ca45,8.474361562399563e-16
Ca47,2.757185039485352e-07
Ca49,1.007688524804388e-06
Sc40,2.1167951701026878e-06
Sc41,1.94164356299203e-07
Sc42,1.9388243823077597e-07
Sc42m,1.0065210257686629e-06
Sc43,1.8507527768246872e-07
Sc44,4.829045952600923e-07
Sc44m,4.2495639142949263e-08
Sc45m,4.5460342360364524e-11
Sc46,4.930487215585696e-07
Sc46m,8.001254888335366e-09
Sc47,1.0981741829796797e-08
Sc48,8.456824798961571e-07
Sc49,3.003479787396156e-10
Sc50,8.203096875238902e-07
Sc50m,3.8219570722352956e-08
Sc51,6.565221121647819e-07
Sc52,7.739785408100792e-07
Ti41,2.178671732249704e-07
Ti42,2.6848575336579503e-07
Ti43,2.4681530446584345e-07
Ti44,1.3512042515241834e-08
Ti45,1.6575119382984186e-07
Ti51,5.954013121254564e-08
Ti52,1.299710606948568e-08
Ti53,5.395509222104144e-07
V44,1.255447408083852e-06
V45,1.94046089233538e-07
V46,1.9395197745991675e-07
V46m,1.8064214190791645e-07
V47,1.899143934221596e-07
V48,7.12424391378841e-07
V49,0.0
V50,3.8765103034158857e-07
V52,3.924444203114598e-07
V53,2.5597768395287274e-07
V54,1.1178074375355216e-06
V55,1.4402191123784776e-07
Cr46,1.9406980062457568e-07
Cr47,1.947510814187218e-07
Cr48,5.823540502420047e-08
Cr49,1.8906716988112596e-07
Cr51,4.753103920619713e-09
Cr55,1.8813553300195753e-10
Cr56,1.1390116847849418e-08
Cr57,1.2434462837463907e-07
Mn49,2.133588294783564e-07
Mn50,1.9388243823077597e-07
Mn50m,1.139400189404862e-06
Mn51,1.899184714058627e-07
Mn52,8.487074325319601e-07
Mn52m,5.728649782532863e-07
Mn53,0.0
Mn54,1.9127056875883494e-07
Mn56,4.517784623021545e-07
Mn57,2.0148123190538605e-08
Mn58,6.010163060700251e-07
Mn58m,3.10658044798132e-08
Mn59,1.1199270105836845e-07
Mn60m,7.29763904374445e-07
Mn61,2.4838370092615e-08
Mn62,5.566261250119236e-07
Fe51,2.0443147013952144e-07
Fe52,1.2670933041515867e-07
Fe52m,1.1890237098924e-06
Fe53,2.228237667360554e-07
Fe53m,7.678908840244518e-07
Fe55,1.5241984013419487e-17
Fe59,3.052950737405408e-07
Fe61,3.5272103630092005e-07
Fe62,9.580925195834225e-08
Fe63,7.893823636490964e-08
Fe64,2.3028319690942466e-09
Co53,2.140897958241967e-07
Co54,1.9388243823077597e-07
Co54m,9.224916697431101e-07
Co55,4.4628797299058794e-07
Co56,9.61992723977335e-07
Co57,1.2343867392379167e-08
Co58,2.1556435137826838e-07
Co58m,3.4734550922642227e-12
Co60,6.555430446854816e-07
Co60m,1.081517698457771e-09
Co61,1.5855946517892e-08
Co62,4.3438299394658246e-07
Co62m,7.198047389964998e-07
Co63,3.009804713090729e-08
Co64,4.709505694611796e-08
Co65,2.785249384061707e-08
Co66,7.249765654169468e-07
Co67,1.487370562291352e-07
Co68,8.981175451506984e-07
Ni53,8.731454035906057e-08
Ni55,1.9306950308858304e-07
Ni56,3.626742189844474e-07
Ni57,4.916845561153001e-07
Ni59,2.91264495590386e-14
Ni65,1.4487188448810968e-07
Ni67,1.3015765990915446e-08
Ni69,6.972005349219003e-07
Cu57,2.247604911095098e-07
Cu58,3.386824085098369e-07
Cu59,2.9747990772369094e-07
Cu60,1.0053534501328673e-06
Cu61,1.5995806242434802e-07
Cu62,1.918318705646335e-07
Cu64,3.636400520831094e-08
Cu66,1.9321183107021594e-08
Cu67,1.2217007651896663e-08
Cu68,2.6277086868075243e-07
Cu68m,2.406437442076012e-07
Cu69,1.2567382681171262e-07
Cu70,8.821834277992456e-07
Cu71,2.757996100175455e-07
Cu72,3.659027737795402e-07
Cu73,5.647165458044919e-08
Zn59,2.0089012714649618e-07
Zn60,2.918782176130055e-07
Zn61,3.306781368203141e-07
Zn62,8.437275521703034e-08
Zn63,2.1614586900290033e-07
Zn65,1.4512653128825796e-07
Zn69,1.0813349113769943e-12
Zn69m,7.311194020218743e-08
Zn71,6.591962194057361e-08
Zn71m,3.0373234966029186e-07
Zn72,1.6603843031539603e-08
Zn73,2.61103016180607e-08
Zn74,5.976721409487063e-08
Zn75,4.4132409428310796e-07
Zn76,9.994281423823097e-08
Zn80,3.544548845483596e-07
Ga60,1.2283846205586854e-06
Ga62,1.937763031939506e-07
Ga63,2.742816018455764e-07
Ga64,8.637715946645533e-07
Ga65,2.2035012688212996e-07
Ga66,6.723189529896923e-07
Ga67,1.9154678567359617e-08
Ga68,1.8314889310011557e-07
Ga70,1.7981180105818463e-09
Ga72,7.206018158421361e-07
Ga73,5.4573694891892306e-08
Ga74,8.189826682701505e-07
Ga74m,6.368514725403868e-09
Ga75,1.252938474829077e-08
Ga76,7.521900996145016e-07
Ga77,9.66928017880612e-08
Ga78,6.565519344834055e-07
Ga79,5.804513639814552e-07
Ga80,6.032750949161027e-07
Ge64,2.2920591584582778e-07
Ge65,3.673805826932135e-07
Ge66,1.2300989145562566e-07
Ge67,2.7557511157422035e-07
Ge68,1.3116646042264355e-09
Ge69,2.2003361217582384e-07
Ge71,1.3436394429378526e-09
Ge71m,1.8440376239227154e-08
Ge73m,2.2650904576976003e-09
Ge75,4.7228489715808404e-09
Ge75m,6.123826764469741e-09
Ge77,2.1493271970981292e-07
Ge77m,1.0094873333227597e-08
Ge78,3.877361629999398e-08
Ge79,6.422453304153616e-08
Ge79m,2.549961710598645e-07
Ge80,7.634247743227152e-08
Ge81,6.430638114888955e-07
Ge81m,4.2405175458306704e-07
Ge82,2.6765518122808955e-07
As67,2.967588701847637e-07
As68,8.881125683330495e-07
As69,2.2316600736074747e-07
As70,9.660088186735127e-07
As71,1.026328082492501e-07
As72,3.8158631546529155e-07
As73,3.888290675850928e-09
As74,1.4997696441856816e-07
As76,9.017765165844937e-08
As77,1.2428921098675255e-09
As78,3.2054875639853825e-07
As79,6.785186248146256e-09
As80,1.4305937133029328e-07
As81,5.0816121250435454e-08
As82,8.19189137906883e-08
As82m,7.465362359051877e-07
As83,5.505926450208065e-07
As84,4.4540925595986495e-07
As85,9.087367042978378e-08
Se69,4.0552124202875973e-07
Se70,1.9688166391357824e-07
Se71,3.2542360972487775e-07
Se72,2.1211722713869874e-08
Se73,2.0013169803886584e-07
Se73m,5.231230939640572e-08
Se75,6.27204821208421e-08
Se77m,1.3863253998751958e-08
Se79m,9.777975910345998e-09
Se81,1.2818525124733543e-09
Se81m,1.0061428564326456e-08
Se83,6.252885270732451e-07
Se83m,2.4432836962088683e-07
Se84,6.924415244644889e-08
Se85,6.438777119352498e-07
Se87,1.6134143894869627e-07
Br71,1.44975224650469e-07
Br72,6.737088958577969e-07
Br72m,9.932703815194767e-09
Br73,2.787286314741493e-07
Br74,1.1905459507805626e-06
Br74m,9.426730605051815e-07
Br75,2.19100955557058e-07
Br76,6.912869393101498e-07
Br76m,5.769599455009117e-09
Br77,6.742916340795121e-08
Br77m,9.51063867686084e-09
Br78,1.9852963741111133e-07
Br79m,2.097716955456518e-08
Br80,1.569375100911181e-08
Br80m,1.8558498479029335e-08
Br82,6.058431424373129e-07
Br82m,9.304061423886786e-09
Br83,1.3218063445862889e-09
Br84,5.032818515158713e-07
Br84m,6.792656733767019e-07
Br85,1.4788901700920615e-08
Br86,9.695820359557953e-07
Br87,9.465241786191914e-07
Br88,9.236869850672385e-07
Br89,5.142212825244033e-07
Br90,4.225870955760165e-07
Br91,8.223310272987568e-08
Kr71,1.9406980062457568e-07
Kr72,2.3467400258654976e-07
Kr73,2.9893283869963086e-07
Kr74,2.025015247948623e-07
Kr75,2.400188183331648e-07
Kr76,7.869720824026575e-08
Kr77,1.8519000326619764e-07
Kr79,5.6058465503817385e-08
Kr79m,9.105585671006837e-09
Kr81,1.087011304469899e-08
Kr81m,1.7294956643052087e-08
Kr83m,4.2646408228521475e-09
Kr85,4.256682980819921e-10
Kr85m,1.8594069128973167e-08
Kr87,2.0581349795714765e-07
Kr88,5.603827172875486e-07
Kr89,4.928594596621254e-07
Kr90,3.1872435255267433e-07
Kr91,4.6826592536861994e-07
Kr92,3.3595646209603297e-07
Kr93,5.822003856169978e-07
Rb74,1.9383185481531502e-07
Rb76,8.486415981128708e-07
Rb77,3.0258350677952216e-07
Rb78,1.1058816765829686e-06
Rb78m,7.544811648092596e-07
Rb79,2.674784826867479e-07
Rb80,2.2796364495811983e-07
Rb81,1.230946009857041e-07
Rb81m,1.0566714856954182e-08
Rb82,2.1629467393482018e-07
Rb82m,6.690420366384797e-07
Rb83,1.0437140733888032e-07
Rb84,2.0400527599281777e-07
Rb84m,6.017388443732291e-08
Rb86,2.340301958963457e-08
Rb86m,1.0699808182354105e-07
Rb88,1.900593892192869e-07
Rb89,6.019225753948464e-07
Rb90,6.066423301161519e-07
Rb90m,9.212996586263091e-07
Rb91,6.953555140473194e-07
Rb92,5.35098931295966e-07
Rb93,7.712084839954638e-07
Rb94,7.384231785492932e-07
Rb95,7.245657948737724e-07
Rb96,4.445373317414291e-07
Rb97,1.1096556877068979e-07
Rb101,8.366888968725495e-08
Sr77,2.1882336686378777e-07
Sr79,2.2435175917548931e-07
Sr80,9.783053487016652e-08
Sr81,2.58103020850108e-07
Sr82,8.334585240024654e-09
Sr83,1.741107904038121e-07
Sr83m,3.140742405305647e-08
Sr85,1.0560444396413743e-07
Sr85m,2.7767354397228095e-08
Sr87m,5.4261439203752574e-08
Sr89,2.061395942184072e-11
Sr91,1.6552662015069314e-07
Sr92,3.6742761907032543e-07
Sr93,5.37875486150455e-07
Sr94,3.835603599416686e-07
Sr95,3.273462311855074e-07
Sr96,1.9744173625337384e-07
Sr98,9.797378270913288e-08
Sr99,3.422591168846575e-07
Y80,4.408973318725358e-07
Y81,2.1596136930382267e-07
Y82,2.4142981551090764e-07
Y83,2.952612355466174e-07
Y83m,2.208969382128831e-07
Y84,2.5281439111814785e-07
Y84m,9.103218013528677e-07
Y85,2.355106300344468e-07
Y85m,3.1115604214657633e-07
Y86,8.839828855297345e-07
Y86m,2.869600877384259e-08
Y87,9.024094981508537e-08
Y87m,5.142787070799588e-08
Y88,7.464677881910414e-07
Y89m,2.1387441125882564e-07
Y90,7.467323569223531e-15
Y90m,1.0377505235286662e-07
Y91,8.093266886995355e-10
Y91m,1.0335553996429666e-07
Y92,6.136857520835166e-08
Y93,2.323511463022395e-08
Y93m,1.2871166127248048e-07
Y94,1.88370547695367e-07
Y95,3.212987760483692e-07
Y96,2.4113256762449125e-08
Y96m,1.1406406381773085e-06
Y97,5.681351922271709e-07
Y97m,5.129326926123084e-07
Y97n,6.194011114235309e-07
Y98,7.710509593243185e-07
Y98m,8.242007711414849e-07
Y99,1.9656124701274727e-07
Y101,1.6686525495360997e-07
Zr83,2.2890271369439392e-07
Zr84,1.5989550161623845e-07
Zr85,2.8833620167036356e-07
Zr85m,4.1797300660226994e-08
Zr86,4.922136112383934e-08
Zr87,1.854666617804003e-07
Zr87m,2.889825842137005e-08
Zr88,6.872664784004301e-08
Zr89,5.222539377112092e-08
Zr89m,1.344675874698985e-07
Zr90m,7.010756505894884e-07
Zr95,1.604674174218887e-07
Zr97,3.729814338091304e-08
Zr99,1.5810725361244195e-07
Zr100,4.3952124629993866e-08
Zr101,1.410409431725058e-07
Zr102,4.7423590383209924e-08
Nb82,1.9376276469585186e-07
Nb84,3.3477423037471236e-07
Nb86,8.261805714848292e-07
Nb87,2.1586039997709488e-07
Nb87m,3.84898688246699e-07
Nb88,9.450188140369347e-07
Nb88m,9.348554478629272e-07
Nb89,3.2021242260956576e-07
Nb89m,3.622431476046725e-07
Nb90,4.5396132287641107e-07
Nb90m,9.050259235964271e-09
Nb90n,2.989893541783496e-08
Nb91,5.2681046483305045e-09
Nb91m,1.1520603967859828e-08
Nb92,3.3795692415134573e-07
Nb92m,2.3564754607307611e-07
Nb93m,9.177561790524502e-10
Nb94,3.544878151611634e-07
Nb94m,4.628163008036407e-09
Nb95,1.6986105393899864e-07
Nb95m,1.141632099986228e-08
Nb96,5.576386615974326e-07
Nb97,1.3977717104515266e-07
Nb97m,1.595194939861098e-07
Nb98,7.997862231904393e-08
Nb98m,6.703632640961078e-07
Nb99,1.909709403587788e-08
Nb99m,1.7836160661052477e-07
Nb100,1.630039796358325e-07
Nb100m,4.452246274259137e-07
Nb101,4.487083087252568e-08
Nb103,2.3535117413308428e-07
Mo87,2.247252542129417e-07
Mo88,3.016697064437612e-08
Mo89,2.4803519326766254e-07
Mo90,1.4985117389531756e-07
Mo91,1.880546826421733e-07
Mo91m,3.186894750207571e-07
Mo93,5.047188649301673e-09
Mo93m,5.721716912093761e-07
Mo99,3.0569876983550705e-08
Mo101,3.51968894205489e-07
Mo102,2.1160580124729485e-09
Mo103,1.3395541422435119e-07
Mo104,3.486310844178772e-08
Mo105,1.1339812058557417e-07
Tc90,3.699056593033435e-07
Tc91,5.612480483933611e-07
Tc91m,2.981065626959408e-07
Tc92,9.082615447344526e-07
Tc93,4.1843837266984456e-07
Tc93m,2.127490118864978e-07
Tc94,6.018411632371178e-07
Tc94m,4.4420755056858795e-07
Tc95,1.8066138476727865e-07
Tc95m,1.4037024633347277e-07
Tc96,5.746068755424281e-07
Tc96m,1.0619401798177701e-08
Tc97,5.356810537071968e-09
Tc97m,4.161952740891256e-09
Tc98,2.9913043399929335e-07
Tc99,1.0475197483894402e-13
Tc99m,1.2691423106096187e-08
Tc100,1.7072751762549653e-08
Tc101,5.194643091679615e-08
Tc102,1.8027666533902678e-08
Tc102m,6.359479976140943e-07
Tc103,4.1653798939808054e-08
Tc104,4.7359213811790065e-07
Tc105,1.442881945437415e-07
Tc106,6.389275729644377e-07
Tc107,1.1355096548553997e-07
Tc108,3.702787940521339e-07
Tc111,7.475994029011748e-08
Ru92,4.053793201709842e-07
Ru93,2.2840945901776415e-07
Ru93m,4.5964553913787974e-07
Ru94,1.0477460820743991e-07
Ru95,2.778019072430008e-07
Ru97,3.4930917253451925e-08
Ru103,9.378038429540307e-08
Ru103m,2.9769966784524533e-08
Ru105,1.5351468419859516e-07
Ru107,7.700804356078312e-08
Ru108,4.762890078201391e-09
Ru109,4.217124358281644e-07
Ru110,3.820135406004192e-09
Ru113,9.716445560816986e-08
Rh94,7.767204650288121e-07
Rh94m,8.147982405402088e-07
Rh95,5.975157940893491e-07
Rh95m,2.1440155048319137e-07
Rh96,8.990749693599253e-07
Rh96m,2.89144688744075e-07
Rh97,2.8008415990000147e-07
Rh97m,5.54880713755617e-07
Rh98,3.7050925174496165e-07
Rh98m,4.85941393879495e-07
Rh99,9.805488057343041e-08
Rh99m,1.3096994457983566e-07
Rh100,7.251488261870978e-07
Rh100m,9.176202022587079e-09
Rh101,4.038486954854953e-08
Rh101m,4.9937827450733324e-08
Rh102,4.604444140552644e-07
Rh102m,9.878361029530145e-08
Rh103m,6.882120981325192e-10
Rh104,2.3862368644877488e-09
Rh104m,1.0740280117539499e-08
Rh105,1.1603488261951278e-08
Rh105m,6.214973087137107e-09
Rh106,4.1886725922581005e-08
Rh106m,6.277709702974247e-07
Rh107,4.810385050286929e-08
Rh108,5.918980478742858e-08
Rh108m,6.217631794505689e-07
Rh109,4.5373886942943987e-08
Rh110,5.669333495826532e-07
Rh110m,5.927675988169086e-08
Rh111,5.668487073234802e-08
Rh112,3.4401178176551625e-08
Rh112m,4.8656709854956e-07
Rh114,7.234342498047942e-08
Rh114m,4.582965109253161e-07
Rh116,1.46601775360901e-07
Rh116m,4.4488298970316614e-07
Pd96,3.071657524418648e-07
Pd97,5.15515317787822e-07
Pd98,8.21983216800466e-08
Pd99,2.729380066568175e-07
Pd100,2.03118493145484e-08
Pd101,7.634509057307893e-08
Pd103,6.327290420238342e-09
Pd107m,1.936670000949433e-08
Pd109,1.2523783391721013e-10
Pd109m,1.4073666709547006e-08
Pd111,1.0620453838553637e-08
Pd111m,7.457465866678892e-08
Pd112,2.3315116151447527e-09
Pd113,2.3574115182177527e-08
Pd113m,6.2650512941322735e-09
Pd114,3.2968806334444988e-09
Pd116,1.70519683866985e-08
Pd117m,2.049422546654301e-08
Pd118,6.058355207086481e-08
Ag97,8.546088601315501e-07
Ag98,1.0924631336132177e-06
Ag100,7.475215125353864e-07
Ag100m,6.026304144431988e-07
Ag101,3.183133260564462e-07
Ag101m,1.9427478282844633e-08
Ag102,6.772543161592325e-07
Ag102m,5.186188641254153e-07
Ag103,1.7392077645963197e-07
Ag103m,3.808693414167764e-09
Ag104,6.276855620954075e-07
Ag104m,2.954724810904508e-07
Ag105,9.790761548028383e-08
Ag105m,1.8627564868312266e-10
Ag106,1.3538639554847646e-07
Ag106m,6.275006447314155e-07
Ag107m,3.857927405941364e-09
Ag108,4.350493635540965e-09
Ag108m,3.316987958628514e-07
Ag109m,3.5848486476319648e-09
Ag110,6.604963170134068e-09
Ag110m,6.476988659215339e-07
Ag111,4.085627561671853e-09
Ag111m,2.163114138939546e-09
Ag112,1.6879115564150255e-07
Ag113,1.2800165224549819e-08
Ag113m,3.6710705791857154e-08
Ag114,6.19239691815665e-08
Ag114m,2.687262970786221e-08
Ag115,1.109427187553384e-07
Ag115m,6.657464376856322e-08
Ag116,5.663105925294186e-07
Ag116m,3.6518751014593803e-07
Ag117,2.929692999314662e-07
Ag117m,1.0739842751381063e-07
Ag118,1.6602272884794499e-07
Ag118m,3.722045462437168e-07
Ag119,3.396261306295735e-07
Ag120,1.660065113406487e-07
Ag121,2.766231128831053e-07
Ag122,2.2702571914935266e-07
Ag123,2.0046315169755035e-07
Cd98,5.407373876862786e-07
Cd100,3.5355832250844455e-07
Cd101,5.944929583178016e-07
Cd102,1.73043719769668e-07
Cd103,5.493000096229145e-07
Cd104,5.387605816342333e-08
Cd105,3.166204527507826e-07
Cd107,7.765894097241583e-09
Cd109,6.2757970088293855e-09
Cd111m,3.8726782500119754e-08
Cd113m,1.2205055069168727e-11
Cd115,3.647120737975048e-08
Cd115m,7.90665694449466e-09
Cd117,2.635728299232822e-07
Cd117m,5.492463793718863e-07
Cd119,3.897738537840618e-07
Cd119m,5.774086895088784e-07
Cd121,4.115750367370294e-07
Cd121m,5.856363369547907e-07
Cd123,4.830574739127673e-07
Cd123m,6.414969152992186e-07
Cd124,1.3593101125469436e-08
Cd125,4.963936862496807e-07
Cd125m,6.412969406315102e-07
In102,6.971668015764394e-07
In105,3.964379845631185e-07
In105m,1.3441915990460723e-07
In106,1.8166518156453928e-07
In106m,5.358197296167887e-07
In107,3.560278199763461e-07
In107m,1.3599133936411435e-07
In108,7.391124885682713e-07
In108m,7.305333561543241e-07
In109,1.332172675998206e-07
In109m,1.272959420390869e-07
In109n,5.101467386794057e-07
In110,7.021517268457577e-07
In110m,3.424156445031668e-07
In111,5.453665573437701e-08
In111m,9.112879103835419e-08
In112,5.758157238565948e-08
In112m,7.612383129873708e-09
In113m,4.479792510892633e-08
In114,5.672335922070268e-10
In114m,1.6630008544516973e-08
In114n,4.161254968048083e-08
In115m,2.729478449439237e-08
In116,5.489223211123964e-11
In116m,6.481138178570069e-07
In116n,9.487170255717217e-09
In117,1.2310479023895265e-07
In117m,1.3678824253511804e-08
In118,2.003465175027114e-08
In118m,6.881350122771561e-07
In118n,1.4870098844903715e-08
In119,1.6986511625691715e-07
In119m,2.9511243337034403e-09
In120,6.571658021735479e-08
In120m,7.305726529907905e-07
In120n,7.305726529907905e-07
In121,2.1660209777879664e-07
In121m,1.6158269583614073e-08
In122,1.7365040281577407e-07
In122m,8.29248707589119e-07
In122n,8.29248707589119e-07
In123,2.618588204694177e-07
In123m,9.035888472546413e-09
In124,7.57284465133379e-07
In124m,8.70376986807784e-07
In125,3.1150768587210675e-07
In125m,1.8193350073940522e-08
In126,8.172403713258314e-07
In126m,1.088566382855502e-06
In127,3.025439339925351e-07
In127m,1.1323245203466399e-07
In128,9.094703375360132e-07
In129,5.694125859950147e-07
In129m,6.929672778747072e-08
In130,9.154254516153649e-07
In130m,5.998605227087202e-07
In130n,8.207346838646489e-07
In131,7.466387015890888e-07
In132,1.7476880692819595e-06
Sn104,4.006043460238272e-07
Sn106,2.481439024279591e-07
Sn107,2.0425261971671797e-06
Sn108,1.1968843466427534e-07
Sn109,6.07500257482549e-07
Sn110,4.5383078012070976e-08
Sn111,1.1136259693988488e-07
Sn113,7.840033348903649e-09
Sn113m,5.348502841507264e-09
Sn117m,2.078968500233948e-08
Sn119m,4.251534338953974e-09
Sn121m,1.6634565591445914e-09
Sn123,1.728795540150402e-09
Sn123m,1.5152165907639682e-08
Sn125,8.3210961889581e-08
Sn125m,5.576912518342246e-08
Sn126,7.960736696884239e-09
Sn127,4.605245295130866e-07
Sn127m,1.16836591492076e-07
Sn128,1.1876487067694926e-07
Sn128m,4.929497712400358e-07
Sn129,3.2179931573051397e-07
Sn129m,4.0288306873031575e-07
Sn130,1.838670029467582e-07
Sn130m,1.900916806744722e-07
Sn131,1.1854439431951763e-06
Sn131m,3.8845170944482583e-07
Sn132,2.835852424835052e-07
Sn133,8.093631718229633e-08
Sb109,4.066350645258306e-07
Sb110,9.088052094388191e-07
Sb111,2.851497541044335e-07
Sb112,6.626126494478575e-07
Sb113,2.519842656561094e-07
Sb114,6.320510586671935e-07
Sb115,1.730181906407869e-07
Sb116,5.737914194247545e-07
Sb116m,7.548047643817902e-07
Sb117,2.7649958523889335e-08
Sb118,1.566820903197101e-07
Sb118m,6.337632158828198e-07
Sb119,8.88138343535693e-09
Sb120,9.086828259004734e-08
Sb120m,5.868226217342226e-07
Sb122,8.868499007606783e-08
Sb122m,1.3423866775372524e-08
Sb124,4.616963421825366e-07
Sb124m,8.764449607865204e-08
Sb124n,3.1309616097287354e-13
Sb125,8.420941497188829e-08
Sb126,5.821388916826275e-07
Sb126m,3.2225548619590343e-07
Sb126n,1.2807228148809886e-11
Sb127,1.4092030717074453e-07
Sb128,6.478552894115033e-07
Sb128m,3.9579466898638794e-07
Sb129,3.2373826736189136e-07
Sb129m,3.1659163742605414e-07
Sb130,6.844351608205079e-07
Sb130m,5.688088989086576e-07
Sb131,4.347671794941691e-07
Sb132,5.919250129930053e-07
Sb132m,5.395487639193726e-07
Sb133,5.887243006495947e-07
Sb134,1.8624988081182684e-08
Sb135,1.8077933147827164e-07
Te113,4.2478170158877255e-07
Te114,2.6188143440932785e-07
Te115,4.7337163727988474e-07
Te115m,5.088818407141309e-07
Te116,2.446814592424608e-08
Te117,3.796734470064023e-07
Te117m,3.765556979223544e-08
Te118,7.307184743895089e-09
Te119,1.7006051320436503e-07
Te119m,3.6319414356880804e-07
Te121,1.1680983696584325e-07
Te121m,3.28750573848238e-08
Te123,1.5668437472104224e-11
Te123m,1.843747135167369e-08
Te125m,1.1826566734582863e-08
Te127,8.196272290080333e-10
Te127m,3.873210276690329e-09
Te129,1.2624028756811896e-08
Te129m,9.311813207042686e-09
Te131,8.54136645396649e-08
Te131m,3.351631642811658e-07
Te132,3.362589492663163e-08
Te133,2.759706321114539e-07
Te133m,4.3067654249530346e-07
Te134,1.6755516228933872e-07
Te135,9.181300463543578e-08
Te136,5.766330417152823e-07
I116,2.0176954031664462e-07
I117,1.81104150032316e-07
I118,4.109466461939117e-07
I118m,7.917657832671012e-07
I119,1.5978442542609098e-07
I120,4.962519215902187e-07
I120m,1.2362350910586355e-06
I121,6.726833884311214e-08
I122,1.881042519355154e-07
I123,2.493610932083021e-08
I124,2.5780110383792297e-07
I125,1.4437328032614827e-08
I126,8.721573121462453e-08
I128,1.5905115661269208e-08
I129,7.243102703773276e-09
I130,4.4715841106463475e-07
I130m,2.534175693357962e-08
I131,6.426891498256139e-08
I132,5.078621288412526e-07
I132m,7.12282488489632e-08
I133,1.2432011897159742e-07
I133m,3.5747385758505063e-07
I134,5.944470814661909e-07
I134m,3.7886546870641054e-08
I135,4.1375630591853773e-07
I136,6.657998081966272e-07
I136m,4.923297411433816e-07
I137,3.474226390796955e-07
I138,3.5390143753945547e-07
I139,1.5816604359394237e-07
Xe117,6.234841454697046e-08
Xe118,1.088486734713443e-07
Xe119,1.9424945732743517e-07
Xe120,8.794525228981214e-08
Xe121,3.368604633393019e-07
Xe122,1.4553916876601619e-08
Xe123,1.3377192132782295e-07
Xe125,4.441131647934766e-08
Xe125m,1.4887919904258284e-08
Xe127,4.068884931736086e-08
Xe127m,2.0123018809088426e-08
Xe129m,1.3798797575453015e-08
Xe131m,5.5457640556659594e-09
Xe132m,5.479262162421078e-07
Xe133,6.954789758704432e-09
Xe133m,8.48218579196183e-09
Xe134m,4.2464539464464957e-07
Xe135,3.453732889196098e-08
Xe135m,8.207220706636508e-08
Xe137,3.867023056243714e-08
Xe138,2.9537708659216095e-07
Xe139,2.203824973415898e-07
Cs121,1.9765536231147474e-07
Cs122,2.508366797336352e-07
Cs122m,7.238234714748467e-07
Cs122n,7.13979364086068e-10
Cs123,2.0879637980968802e-07
Cs123m,7.2209215366811195e-09
Cs124,2.1677051594287424e-07
Cs124m,4.177423237020944e-08
Cs125,1.3589246380744614e-07
Cs126,2.2167554028608152e-07
Cs127,7.963451163654257e-08
Cs128,1.724513792237826e-07
Cs129,5.2266773783851394e-08
Cs130,9.905813163507587e-08
Cs131,7.110496462074388e-09
Cs132,1.5309975801747486e-07
Cs134,3.349236615627173e-07
Cs134m,4.603030288035802e-09
Cs135m,3.641190843849388e-07
Cs136,4.934651254455892e-07
Cs137,2.3164346779254616e-13
Cs138,6.282275453896459e-07
Cs138m,9.89900697479433e-08
Cs139,8.209670936310908e-08
Cs140,4.5862476945678094e-07
Cs141,2.0759162774199622e-07
Cs142,1.7463290029059917e-07
Cs145,8.662229560367444e-08
Ba123,3.895885437513379e-08
Ba124,1.1236116117565725e-07
Ba125,3.0651174051347485e-08
Ba126,1.2013792529457856e-07
Ba127,1.4246266234707703e-07
Ba128,1.261013090441907e-08
Ba129,1.0088085355743422e-07
Ba129m,2.726219931659761e-07
Ba131,8.177121122705432e-08
Ba131m,9.611953572295655e-09
Ba133,6.587828887149341e-08
Ba133m,1.1633956646658264e-08
Ba135m,1.059433054692976e-08
Ba136m,4.5310538475998935e-07
Ba137m,1.254380610857878e-07
Ba139,5.324550988072942e-09
Ba140,3.336403679030289e-08
Ba141,1.7895529806268327e-07
Ba142,2.402679241727865e-07
Ba143,2.575976227861407e-07
Ba147,5.995834682173559e-08
La128,6.195137069667894e-07
La129,1.7295806045138485e-07
La129m,8.626644671979584e-09
La130,4.7351973526321873e-07
La131,1.204996848240967e-07
La132,4.547101444713088e-07
La132m,9.512813071144086e-08
La133,2.6326679364099807e-08
La134,1.39783750023337e-07
La135,8.634001246214918e-09
La136,8.131666823973313e-08
La136m,2.8455170449424532e-08
La137,6.625140206926139e-09
La138,3.1976870048660863e-07
La140,6.006751711581858e-07
La141,7.260311585279546e-09
La142,6.615404020767085e-07
La143,6.679793923011849e-08
La144,5.645451685656412e-07
La145,1.546239164163159e-07
La146,3.042774433468567e-07
La146m,2.438195356334614e-07
La147,2.8785175162099966e-08
La148,2.918068742319683e-07
Ce130,9.493524801376334e-08
Ce131,1.8232276244597986e-07
Ce131m,3.230635987274441e-08
Ce132,3.7039809501504784e-08
Ce133,8.277938034458333e-08
Ce133m,3.9028104635879363e-07
Ce134,6.3655874968738965e-09
Ce135,1.5920355412283648e-07
Ce135m,3.6836243650517017e-08
Ce137,8.417748943676785e-09
Ce137m,9.27159205895846e-09
Ce139,2.0228378375186917e-08
Ce139m,1.543037002319576e-07
Ce141,7.981146450358307e-09
Ce143,4.8515016076801404e-08
Ce144,2.090354117616997e-09
Ce145,1.28701463204893e-07
Ce146,4.484601805509961e-08
Ce147,3.047698424180563e-08
Ce148,4.093474731914268e-08
Ce149,1.3664269261624397e-08
Pr128,2.9503506267520316e-07
Pr134,4.5929607718379895e-07
Pr134m,2.046614662827887e-06
Pr135,1.6861480261291712e-07
Pr136,4.588218305273416e-07
Pr137,7.363579962691678e-08
Pr138,1.5719680691642394e-07
Pr138m,5.420709584490723e-07
Pr139,2.6318039252934765e-08
Pr140,1.0393452028454375e-07
Pr142,1.62257706923886e-08
Pr142m,1.5247604522005092e-08
Pr143,1.9522779153348583e-15
Pr144,7.934637776559377e-09
Pr144m,2.4704588430149525e-09
Pr145,4.239977239114807e-09
Pr146,2.453014384966997e-07
Pr147,1.504686642121518e-07
Pr148,2.2006341173291173e-07
Pr148m,1.793168693034991e-07
Pr149,4.927912286718181e-08
Pr150,1.2301365570500104e-07
Pr151,8.609635589735219e-08
Pr152,4.23651904479044e-07
Nd132,1.6870912780441252e-07
Nd134,8.521931749376408e-08
Nd135,2.3602259931072885e-07
Nd136,5.06598908662918e-08
Nd137,2.425348413487576e-07
Nd137m,4.540551695423983e-08
Nd138,7.204152439214989e-09
Nd139,8.452495244570069e-08
Nd139m,3.5929600723155415e-07
Nd140,4.9452335220495255e-09
Nd141,1.5851341765476006e-08
Nd141m,1.5366973369998354e-07
Nd147,2.2963589308733412e-08
Nd149,5.808561739126899e-08
Nd151,1.8379738511127054e-07
Nd152,2.4211236527371435e-08
Nd154,9.561718728488281e-08
Pm132,2.7763810775652716e-07
Pm134,3.444823331282666e-07
Pm135,5.698379578224181e-07
Pm136,3.4352261832836967e-06
Pm138,1.8217996134107576e-07
Pm138m,5.940299287383818e-07
Pm139,1.8500665639480818e-07
Pm139m,1.0029256364262936e-08
Pm140,1.9007119935194295e-07
Pm140m,6.446103194165071e-07
Pm141,1.5768862115334299e-07
Pm142,1.7071912930572503e-07
Pm143,6.796217502305855e-08
Pm144,3.196372889977626e-07
Pm145,5.413868808135672e-09
Pm146,1.5204649560947113e-07
Pm147,4.774333921351091e-13
Pm148,1.4292144681382107e-07
Pm148m,4.092634656391139e-07
Pm149,1.897945575275607e-09
Pm150,3.493188286034001e-07
Pm151,5.484905352439277e-08
Pm152,6.717652895254795e-08
Pm152m,3.304940538245294e-07
Pm152n,4.3008156415998897e-07
Pm153,1.7749474982005263e-08
Pm154,4.851827969433194e-07
Pm154m,4.684823986559551e-07
Pm155,2.489612650261036e-08
Sm134,1.8809004422579753e-07
Sm136,1.672383499712212e-07
Sm139,2.9168112626226124e-07
Sm139m,3.063283350154802e-08
Sm140,1.247478577809441e-07
Sm141,2.9667923757866577e-07
Sm141m,4.2087824791359617e-07
Sm142,1.649899444855104e-08
Sm143,1.0066618855720631e-07
Sm143m,1.5065115105191016e-07
Sm145,1.063784420022879e-08
Sm151,2.9257673249712583e-12
Sm153,7.84867300602539e-09
Sm155,1.086245386592275e-08
Sm156,1.3153767170067662e-08
Sm157,8.57701621270153e-08
Sm158,5.426554057616668e-08
Sm159,8.320561124938444e-08
Eu136,2.641065151795513e-07
Eu138,4.421265287015748e-06
Eu139,2.9274718332276764e-07
Eu140,2.48748529350016e-07
Eu141,2.0418171728952896e-07
Eu141m,1.2323407733323043e-07
Eu142,2.4588195418393487e-07
Eu142m,7.465844163583342e-07
Eu143,2.3800580997683597e-07
Eu144,2.2483946282104595e-07
Eu145,3.198803470162582e-07
Eu146,5.55223000021809e-07
Eu147,9.078408637238501e-08
Eu148,4.799835374224172e-07
Eu149,1.0812141497137606e-08
Eu150,2.9984225676430985e-07
Eu150m,9.619912415961991e-09
Eu152,2.7033370299318927e-07
Eu152m,7.091551129333418e-08
Eu152n,7.434675804432908e-09
Eu154,2.9505111021825084e-07
Eu154m,9.061385708454657e-09
Eu155,6.361257106531415e-09
Eu156,3.2697663254142673e-07
Eu157,5.1137256013153474e-08
Eu158,3.146257440867035e-07
Eu159,5.694603543717429e-08
Gd141,2.4329034739125695e-07
Gd142,1.1478538758204535e-07
Gd143,2.2146804487030106e-07
Gd143m,4.5267253732932104e-07
Gd144,1.9855059843483325e-06
Gd145,6.668648630962491e-07
Gd145m,1.4386230302743644e-07
Gd146,3.019028987528797e-08
Gd147,2.7581295342514945e-07
Gd149,9.186367487654887e-08
Gd151,1.0306399689210044e-08
Gd153,1.371852659202868e-08
Gd159,9.136304738033738e-09
Gd161,6.106594091932172e-08
Gd162,7.178382841072579e-08
Gd163,1.0474552999134468e-07
Tb142,6.041176795793727e-08
Tb144,7.051439201252003e-08
Tb144m,1.2927118859612597e-07
Tb145m,4.971995328454867e-07
Tb146,2.9903061786349213e-07
Tb146m,1.0632864050496401e-06
Tb147,4.4640829789758377e-07
Tb147m,4.3393026926435077e-07
Tb148,5.118643715179774e-07
Tb148m,6.373506729488112e-07
Tb149,3.1446335923574857e-07
Tb149m,2.2924602520301797e-07
Tb150,4.946432796915107e-07
Tb150m,4.796476038854629e-07
Tb151,1.8821229849858785e-07
Tb151m,1.4910836406404242e-08
Tb152,3.260724831701265e-07
Tb152m,1.3288555086238873e-07
Tb153,5.440472857281417e-08
Tb154,6.069919954264996e-07
Tb154m,3.0340589484570297e-07
Tb154n,4.428516363422409e-07
Tb155,2.2380576056446402e-08
Tb156,4.484801192475774e-07
Tb156m,5.846062374846893e-09
Tb156n,5.552237137234528e-10
Tb157,1.6055845872875676e-09
Tb158,1.871038675451034e-07
Tb158m,3.802718513082842e-09
Tb160,2.6325670100706355e-07
Tb161,5.964798628398899e-09
Tb162,2.3027509886954505e-07
Tb163,1.38463389529291e-07
Tb164,5.379209663715763e-07
Tb165,1.6432965699349965e-07
Dy144,1.109987457893769e-08
Dy146,3.0596055924216517e-07
Dy147m,2.2533006248953174e-07
Dy148,1.4577492203830995e-07
Dy149,3.983607547891516e-07
Dy150,4.264563511947768e-08
Dy151,3.143387057949916e-07
Dy152,3.9491838117433285e-08
Dy153,1.4726423741263342e-07
Dy155,1.2282661020382848e-07
Dy157,5.3677861294571845e-08
Dy157m,1.4447029832134536e-08
Dy159,7.36139288605908e-09
Dy165,4.629133843385358e-09
Dy165m,2.906467061505377e-09
Dy166,5.806807657126395e-09
Dy167,9.358979295903976e-08
Ho148,2.211024483911936e-07
Ho148m,9.948693237915567e-08
Ho152,3.683573063781319e-07
Ho152m,6.924713018113568e-07
Ho153,1.7389503172746873e-07
Ho153m,2.3565744297681342e-07
Ho154,2.5291260444972995e-07
Ho154m,3.8653885539160286e-07
Ho155,7.90456216775856e-08
Ho156,3.3596008292973913e-07
Ho157,8.57253716185711e-08
Ho158,1.2820975452667407e-05
Ho158m,1.4288235525121733e-11
Ho158n,5.551045179564669e-07
Ho159,5.813382891906567e-08
Ho159m,1.1804667409572735e-08
Ho160,3.829712718348157e-07
Ho160m,1.759554581706968e-07
Ho160n,1.152888336176487e-08
Ho161,1.0285128627838734e-08
Ho161m,1.2558607565174676e-08
Ho162,3.466233425839566e-08
Ho162m,1.4348779056303662e-07
Ho163m,3.425889629921209e-08
Ho164,4.2907558432174905e-09
Ho164m,7.20120154641988e-09
Ho166,6.438266598768312e-09
Ho166m,3.291578320442532e-07
Ho167,5.64198854807474e-08
Ho168,1.929970439777669e-07
Ho169,1.091089812296078e-07
Ho170,4.1222386699910344e-07
Ho170m,1.794569553846137e-07
Er151,3.491959669564698e-07
Er152,6.300014936651822e-09
Er153,6.578482490810535e-08
Er154,1.4578210185090153e-08
Er155,2.553699394460433e-07
Er156,9.405238919124717e-09
Er157,6.25354789168158e-08
Er158,2.1970633403081206e-08
Er159,1.6046458659394324e-07
Er160,6.826812925966039e-09
Er161,2.0090347902313403e-07
Er163,6.348016817292859e-09
Er165,5.906292388434586e-09
Er167m,1.1587891760963963e-08
Er169,5.088804542532412e-11
Er171,5.414741251137506e-08
Er172,9.573983911766505e-08
Er173,1.616729041122082e-07
Tm151,6.262003420365599e-07
Tm151m,7.317415693084145e-07
Tm153,2.406480575158362e-08
Tm158,3.217693347100886e-07
Tm159,1.2900972121955625e-06
Tm160,2.7698519960866506e-07
Tm161,2.571230964224196e-07
Tm162,4.3628981596356283e-07
Tm162m,8.8237904614022e-08
Tm163,3.13307252383807e-07
Tm164,1.5638507491383418e-07
Tm165,1.0029420925439466e-07
Tm166,4.978586056255181e-07
Tm167,8.123580151777361e-09
Tm168,2.5230230680446356e-07
Tm170,4.592013650653309e-10
Tm171,9.457374075911204e-11
Tm172,1.254241008485039e-07
Tm173,6.543133536869881e-08
Tm174,3.56093151085506e-07
Tm175,2.500889817677302e-07
Tm176,4.771912712248214e-07
Yb152,2.1648497232289799e-07
Yb159,6.061605900992571e-08
Yb160,3.5899816814222396e-08
Yb161,1.876224003865354e-07
Yb162,3.357199021754009e-08
Yb163,1.5337579783546842e-07
Yb164,8.217034486758759e-09
Yb165,6.472761662472221e-08
Yb166,1.1884763608289353e-08
Yb167,5.676530122717637e-08
Yb169,3.960405865213294e-08
Yb169m,3.6957677319678394e-14
Yb175,1.235104784806428e-08
Yb176m,1.290506012537257e-07
Yb177,4.379922076124626e-08
Yb177m,1.6685805510746384e-08
Yb178,1.0102266675744862e-07
Yb179,1.7459396912103275e-07
Lu162,3.0689562716157624e-07
Lu163,7.237153978868545e-07
Lu164,2.1581450856407775e-07
Lu165,1.199902626464089e-06
Lu166,4.4408200482335124e-07
Lu166m,1.9165201406795118e-07
Lu166n,5.50442790913705e-07
Lu167,2.4033280492241786e-07
Lu168,9.892592421852982e-07
Lu168m,5.454271367237547e-07
Lu169,3.2101390366737166e-07
Lu169m,1.0265111370917775e-13
Lu170,7.043607195386646e-07
Lu170m,9.787309634143332e-11
Lu171,1.3430313875487527e-07
Lu171m,4.057185082535382e-11
Lu172,4.5810139045260943e-07
Lu172m,2.77790124911338e-13
Lu173,2.3929018585778636e-08
Lu174,2.3997397602602943e-08
Lu174m,8.889228978401563e-09
Lu176,6.432431157847983e-08
Lu176m,1.4811231953745306e-09
Lu177,3.802508123040418e-09
Lu177m,2.5198751625073694e-08
Lu178,3.1162269110238335e-08
Lu178m,1.5768014400458683e-07
Lu179,3.791951003520717e-09
Lu180,3.442793397721186e-07
Lu181,1.0825238433929495e-07
Lu182,4.4631256891067707e-07
Lu183,1.548088505566614e-07
Hf163,1.2451702221070085e-07
Hf165,4.427838420150028e-08
Hf166,5.060636137537533e-08
Hf167,1.2651484828884784e-07
Hf169,2.014092081067123e-07
Hf170,9.200289044201196e-08
Hf171,4.658376653025472e-06
Hf172,1.5147255976617075e-08
Hf173,5.38510985315774e-08
Hf175,5.612491537503915e-08
Hf177m,1.4537490182230147e-07
Hf177n,1.825805685803659e-07
Hf178m,1.5030915721830806e-07
Hf178n,2.1841566624263451e-07
Hf179m,2.9068280928900888e-08
Hf179n,1.3946163957349998e-07
Hf180m,1.554010173721146e-07
Hf181,8.964069933008888e-08
Hf182,3.2315179813739585e-08
Hf182m,1.6419928104785205e-07
Hf183,1.596220464876289e-07
Hf184,3.119664221480957e-08
Ta164,3.123178532505193e-07
Ta170,2.0670499056551531e-07
Ta171,3.7016152811534515e-07
Ta172,3.934153006435429e-07
Ta173,8.166023129924207e-08
Ta174,1.7607402953840767e-07
Ta175,2.1441443565867084e-07
Ta176,5.60591477247e-07
Ta177,9.441735117724925e-09
Ta178,2.3218131776513473e-08
Ta178m,1.723456790419883e-07
Ta179,3.897561704256114e-09
Ta180,5.974227428194526e-09
Ta180m,7.883153698215304e-08
Ta182,3.1065181849416826e-07
Ta182m,1.6164822569237477e-13
Ta182n,2.9001972732824717e-08
Ta183,3.7036101661162695e-08
Ta184,3.087039463114188e-07
Ta185,1.632636060728609e-08
Ta186,2.4417110660117463e-07
W172,1.382637233514594e-07
W174,3.9607699655560935e-07
W176,1.9063857202793232e-08
W177,1.5567416751167311e-07
W178,2.363373876936653e-09
W179,8.08507200743106e-09
W179m,2.3668348110053002e-09
W181,5.604179327403566e-09
W183m,1.4382583097413092e-08
W185,5.431823722756924e-12
W185m,2.456946201979096e-09
W187,8.656609464735693e-08
W188,2.5721098218918256e-10
W189,2.225297867289037e-07
W190,1.658026208686816e-08
Re174,9.898231861042791e-08
Re176,2.02636909555072e-07
Re177,1.296878102531914e-07
Re178,2.8847624777380784e-07
Re179,2.273379425003679e-07
Re180,2.5955836064913615e-07
Re181,1.5069554970944004e-07
Re182,3.887704168729242e-07
Re182m,2.9082901420104093e-07
Re183,1.9192744393744423e-08
Re183m,2.4768848959084623e-07
Re184,2.0058362022531692e-07
Re184m,7.172881686450643e-08
Re186,2.1546460953446753e-09
Re186m,9.02373598656326e-09
Re188,9.695589093958404e-09
Re188m,8.35144831709186e-09
Re189,7.318343766884549e-09
Re190,2.5720135374739443e-07
Re190m,1.738675662659553e-07
Re192,1.9175976026304113e-08
Os171,1.8640070773006013e-07
Os176,8.717748219780933e-07
Os179,2.4160703501896205e-06
Os180,2.2497903212526985e-08
Os181,5.597849777323164e-08
Os181m,3.1292489100280715e-07
Os182,7.056704051776449e-08
Os183,1.0664098121028249e-07
Os183m,2.4363204497063064e-07
Os185,1.4766683501624276e-07
Os189m,3.110334566360957e-14
Os190m,2.8764832654238254e-07
Os191m,6.731701965422262e-10
Os193,1.0277294914887868e-08
Os194,4.022590399444352e-10
Os195,2.8925862092537955e-08
Os196,1.1864806199912107e-08
Ir178,2.607191360782584e-07
Ir180,3.3595605871436895e-07
Ir181,1.0186512624704223e-06
Ir182,1.6902994009113457e-07
Ir183,2.050722595452709e-07
Ir184,4.2314536723580524e-07
Ir185,2.7513364785428386e-06
Ir186,3.5052862603139554e-07
Ir186m,3.395436599996872e-07
Ir187,5.767590582403341e-08
Ir188,5.638155428299963e-07
Ir189,9.30641617917915e-09
Ir190,2.707658843542344e-07
Ir190m,1.0224419944841969e-14
Ir190n,6.730589421351881e-09
Ir191m,7.458456633078456e-09
Ir191n,3.4301970301301704e-07
Ir192,1.3448775978526003e-07
Ir192m,8.542158834713021e-12
Ir192n,6.532527985028403e-11
Ir193m,3.629756095743452e-11
Ir194,1.7254069220851002e-08
Ir194m,4.878936958511082e-09
Ir194n,4.395513800962101e-07
Ir195,5.95601784652401e-09
Ir195m,5.8781149683373185e-08
Ir196,4.6324835180019346e-08
Ir196m,4.597685091039172e-07
Ir197,4.461700317770024e-08
Ir197m,1.7067656157569486e-12
Ir198,1.4838667270713785e-07
Pt182,1.9553566819966236e-08
Pt183m,2.1791872107906412e-07
Pt184,2.71529172039453e-07
Pt185,4.604129465091346e-07
Pt185m,5.763975549372304e-07
Pt186,1.3291340116508886e-07
Pt187,7.768829042374993e-08
Pt188,2.5938473912928404e-08
Pt189,8.574436216574354e-08
Pt191,4.451021689884665e-08
Pt193,3.5960809509759823e-09
Pt193m,1.194416522933947e-09
Pt195m,7.490750501424958e-09
Pt197,2.161224348639317e-09
Pt197m,9.735030614587655e-09
Pt199,3.684844928415353e-08
Pt199m,5.611099053012291e-08
Pt200,6.483125717133531e-09
Au183,2.9917983432101987e-07
Au186,2.886237620305897e-07
Au187,2.511126559315534e-07
Au188,4.984635615167449e-07
Au189,1.684328894924191e-07
Au189m,2.649702161811654e-08
Au190,5.333840855187569e-07
Au191,9.46197143052402e-08
Au191m,2.7884178399825747e-08
Au192,4.321267874351675e-07
Au192m,4.172962724167024e-10
Au192n,1.2726977844377838e-08
Au193,1.9226038687025345e-08
Au193m,2.5486923434706716e-08
Au194,2.393941125960874e-07
Au194m,5.624775914121608e-10
Au194n,1.2108322143442585e-08
Au195,8.754211034690768e-09
Au195m,2.61662232614219e-08
Au196,7.285049001895982e-08
Au196m,2.8785820049434384e-11
Au196n,2.492902919480282e-08
Au197m,3.0162528560206626e-08
Au198,6.882352840896231e-08
Au198m,5.989862513651928e-08
Au199,1.3259539344450682e-08
Au200,6.431965833260962e-08
Au200m,3.6703600821538773e-07
Au201,6.343571472762839e-09
Au202,3.875173106298662e-08
Au203,1.4753145379178257e-08
Au204,4.877541881612805e-07
Hg186,5.682169637046094e-08
Hg187,8.87976279746304e-07
Hg188,2.165460715801738e-08
Hg189,6.454300991928745e-07
Hg189m,4.066312671616122e-06
Hg190,2.0503003642688766e-08
Hg191,5.3580439830550704e-08
Hg191m,3.1936838029657517e-07
Hg192,3.369035334715512e-08
Hg193m,2.526556041133883e-07
Hg194,1.2361599647892174e-09
Hg195,3.592033599331113e-08
Hg195m,3.0584449764122416e-08
Hg197,6.928899018854539e-09
Hg197m,1.7130652832435073e-08
Hg199m,3.0881989305085946e-08
Hg203,3.407358073739564e-08
Hg205,7.432374934253896e-10
Hg206,1.606926118096406e-08
Hg207,7.098611925341101e-07
Tl186m,5.0799418308537685e-08
Tl188,4.6276022868658434e-07
Tl193,1.276140671097274e-07
Tl193m,5.967545984216209e-08
Tl194,1.3702268037447816e-07
Tl194m,5.015398182632317e-07
Tl195,2.966474065897509e-07
Tl195m,6.535057130850018e-08
Tl196,3.4589876976024794e-07
Tl196m,2.2110436138087313e-07
Tl197,9.1669041699864e-08
Tl197m,7.35148082839436e-08
Tl198,4.952738583596186e-07
Tl198m,2.1909209285499008e-07
Tl199,3.693190098234819e-08
Tl199m,1.0940534976408632e-07
Tl200,2.8975956522691005e-07
Tl201,9.157420318726422e-09
Tl202,8.462678458844482e-08
Tl204,1.1926181393398544e-10
Tl206,3.072347747958571e-10
Tl206m,5.00436535015445e-07
Tl207,5.157390457301394e-10
Tl207m,2.5764106917227304e-07
Tl208,9.638222967316192e-07
Tl209,5.280325705505988e-07
Tl210,6.82537869913929e-07
Pb194,2.4083612524734326e-07
Pb195,6.811518017398702e-08
Pb195m,3.4784934209522956e-07
Pb196,8.864637067703002e-08
Pb197,3.4087972840263964e-07
Pb197m,2.4046939785579123e-07
Pb198,7.723986692279778e-08
Pb199,2.2573887199582703e-07
Pb199m,2.1806802759780812e-08
Pb200,3.5993198171743315e-08
Pb201,1.548122505105797e-07
Pb201m,7.532029098506354e-08
Pb202,1.3710153864920608e-08
Pb202m,4.3214277139138597e-07
Pb203,5.0373052831856374e-08
Pb203m,1.4899003703909117e-07
Pb203n,4.1753662300159316e-07
Pb204m,4.6748665243318937e-07
Pb205,1.2643905829285276e-08
Pb205m,2.3726104799755812e-07
Pb207m,3.4655275420349403e-07
Pb210,5.886052521085251e-09
Pb211,1.4071343379080306e-08
Pb212,2.08646362459088e-08
Pb214,3.9146071635647654e-08
Bi198m,4.091900853769488e-07
Bi198n,1.7949191857321134e-08
Bi199,3.0693571211671397e-07
Bi200,5.02231747795797e-07
Bi200m,3.4447092344948754e-07
Bi201,4.6561623787486303e-07
Bi201m,5.2070476952054606e-08
Bi202,5.442412638241981e-07
Bi203,6.149181244829878e-07
Bi203m,2.2117320103353833e-07
Bi204,6.98472120352667e-07
Bi205,4.063509090044919e-07
Bi206,7.637897357180677e-07
Bi207,3.5647503485219404e-07
Bi208,8.212167656248355e-07
Bi208m,3.299768383223871e-07
Bi210,4.545468380924359e-14
Bi210m,3.9414000607416477e-08
Bi211,7.688409307476142e-09
Bi212,2.6786367877671003e-08
Bi212m,1.2799688157013818e-08
Bi213,2.3165906417988628e-08
Bi214,4.0080864581490997e-07
Po202,1.8692225080299416e-07
Po203,3.280623170186303e-07
Po203m,7.640011285098046e-08
Po204,2.6080747406107405e-07
Po205,3.4839503072569785e-07
Po206,2.5950396453653126e-07
Po207,2.9777070619168744e-07
Po207m,2.265589806722218e-07
Po208,3.548642327373289e-12
Po209,6.90212350797274e-10
Po210,2.1949515961747345e-12
Po211,1.7110058786453998e-09
Po211m,3.4397140135735375e-07
Po212m,2.6941813914772565e-08
Po213,5.230380818049921e-12
Po214,1.8950377973595692e-11
Po215,3.7976876751654855e-11
Po216,3.459792889775485e-12
Po218,2.1159596116734575e-12
At205,2.453532735400568e-07
At206,4.837766612865852e-07
At207,4.78214505420484e-07
At208,7.002906005829025e-07
At209,4.864602965673794e-07
At210,7.576512730892624e-07
At211,7.924452280753513e-09
At212m,6.104760273269064e-10
At215,3.143939365054768e-11
At217,5.114669433950233e-11
At218,7.1407353262396936e-09
At220,5.6239689762151686e-08
Rn208,1.2463908020833067e-07
Rn209,2.0772556596561536e-07
Rn210,1.2426581015506043e-08
Rn211,4.506390200637193e-07
Rn217,2.1742591282799397e-11
Rn218,1.5286326158416047e-10
Rn219,8.554397593218505e-09
Rn220,1.2254564539873364e-10
Rn221,1.7311438498732837e-08
Rn222,7.391249896999005e-11
Rn223,7.108313362852405e-08
Rn224,3.4342782901362185e-08
Fr219,6.007987797383929e-10
Fr220,3.0123396678746342e-09
Fr221,3.966922756882781e-09
Fr222,3.140738734707534e-08
Fr223,1.2939485304864562e-08
Fr224,1.238298715696916e-07
Fr226,1.056782091666293e-07
Fr227,8.038744895815688e-08
Fr228,1.6500068059573681e-07
Fr231,9.694075089461157e-08
Ra213m,3.689070915332864e-07
Ra219,2.6918813771119758e-08
Ra220,8.416036043290937e-10
Ra221,7.875250163995485e-09
Ra222,1.4097396839956783e-09
Ra223,2.0499773249375915e-08
Ra224,1.4058499752565995e-09
Ra225,4.3826825718541515e-09
Ra226,9.559896872644637e-10
Ra227,2.531823453385265e-08
Ra228,2.2792433174188395e-09
Ra230,1.3893620585597451e-07
Ac220,2.628400028663455e-08
Ac223,5.532231193500162e-10
Ac224,3.51037068735415e-08
Ac225,5.4523568650001125e-09
Ac226,2.3111180743965805e-08
Ac227,3.626843904510905e-10
Ac228,2.2914351901545605e-07
Ac229,3.079714640153742e-07
Ac230,1.3258853033260351e-07
Ac231,6.051088778197483e-08
Ac232,3.142087292598075e-07
Ac233,9.576252261142383e-08
Th223,1.3893842300030903e-08
Th224,3.256610580048052e-09
Th225,2.4052968333957258e-08
Th226,2.2871152516240513e-09
Th227,2.4106715281157367e-08
Th228,1.4930429311812671e-09
Th229,2.2356784680805594e-08
Th230,1.2594049400665476e-09
Th231,1.3431424740963811e-08
Th232,1.4884354385836822e-09
Th233,7.589841849715194e-09
Th234,1.9305346335637477e-09
Pa227,9.390544365485369e-10
Pa228,3.091542507373041e-07
Pa229,1.2699604184213739e-08
Pa230,1.34464699365129e-07
Pa231,1.243171894462852e-08
Pa232,2.130340251866885e-07
Pa233,3.7671092945008345e-08
Pa234,3.255432225594491e-07
Pa234m,4.070122563696008e-09
Pa235,1.4664354755130072e-09
Pa236,2.0279054785876203e-07
Pa237,1.3453263793232677e-07
Pa238,5.156856708202406e-07
U227,1.6835316636916045e-08
U228,2.3494201832266458e-09
U230,2.216010715084263e-09
U231,1.2475929099968247e-08
U232,1.618693732895947e-09
U233,1.1186202193575282e-09
U234,1.4802582602903314e-09
U235,2.071963741545776e-08
U235m,7.967414074393652e-22
U236,1.2458474436146814e-09
U237,2.1098372781761717e-08
U238,1.1490342344312586e-09
U239,7.2867380820340724e-09
U240,6.019220082886804e-09
U242,7.069168949695433e-09
Np231,2.0922402113734522e-07
Np232,2.519584671079927e-07
Np233,1.3668014902310016e-08
Np234,2.9155138912392526e-07
Np235,5.693760582943599e-09
Np236,2.7016294017605986e-08
Np236m,7.916914845131459e-09
Np237,1.260045787190616e-08
Np238,1.5829005541425593e-07
Np239,2.409710458807675e-08
Np240,2.7015679024474184e-07
Np240m,7.30167703456023e-08
Np241,4.927584435296339e-09
Np242,6.240943870554871e-08
Pu233,6.819957993187449e-07
Pu235,1.563096553297237e-08
Pu236,1.284047414982853e-09
Pu237,9.102730290890553e-09
Pu238,1.2811106690069848e-09
Pu239,5.205131092321898e-10
Pu240,1.1184608868675753e-09
Pu241,2.870469980530345e-13
Pu242,1.0379481838095262e-09
Pu243,3.0975795784867324e-09
Pu244,8.320504164992465e-10
Pu245,7.661479916021115e-08
Pu246,1.6448606407683126e-08
Am237,5.634437723321823e-08
Am238,2.054225734646153e-07
Am239,2.304918833438944e-08
Am240,2.421452991465382e-07
Am241,6.828168498624157e-09
Am242,3.0802366421575902e-09
Am242m,1.6550573490507818e-09
Am243,6.848280900169385e-09
Am244,1.8835472549830454e-07
Am244m,2.9553825770210733e-09
Am245,3.632046475968176e-09
Am246,1.5565471830489526e-07
Am246m,2.4678264047686095e-07
Am247,1.839687611259697e-08
Cm239,2.1470640904296966e-07
Cm241,8.56061842215426e-08
Cm242,7.482164829821328e-10
Cm243,1.8444849322075112e-08
Cm244,6.544894250587955e-10
Cm245,1.2234080802576424e-08
Cm246,6.440494023957304e-10
Cm247,5.084484979973212e-08
Cm248,5.12627857481067e-10
Cm249,3.773875022253533e-09
Cm251,2.0814685215646264e-08
Bk243,4.066641484908603e-08
Bk244,4.979587173185598e-07
Bk245,2.91751212627613e-08
Bk246,1.908569552923245e-07
Bk247,1.7757010012481105e-08
Bk248m,8.451353616438083e-09
Bk249,1.3311268937020511e-11
Bk250,2.216621776924982e-07
Cf246,4.815027345540914e-10
Cf247,1.2708129527916416e-06
Cf248,3.0822041215321397e-12
Cf249,5.389023500318256e-08
Cf250,4.179520780779744e-10
Cf251,1.5449874194466624e-08
Cf252,4.147418425733785e-10
Cf253,3.589262460187428e-11
Es249,7.173608727516743e-08
Es250,2.5206986332285813e-07
Es250m,1.227354752911324e-07
Es252,4.4021847915058385e-08
Es253,3.714023508102564e-10
Es254,4.0605062004562974e-10
Es254m,9.796017800696102e-08
Es255,9.713351786319143e-10
Es256m,3.616349831932298e-08
Fm251,5.0257019480102993e-08
Fm252,3.907128953356306e-12
Fm253,1.0028015627828213e-08
Fm254,5.378450816584458e-10
Fm255,3.413009322765446e-09
Fm257,1.585890653426265e-08
